1,Leanne Graham,Bret,Sincere@april.biz,Kulas Light,Gwenborough,92998-3874
2,Ervin Howell,Antonette,Shanna@melissa.tv,Victor Plains,Wisokyburgh,90566-7771
3,Clementine Bauch,Samantha,Nathan@yesenia.net,Douglas Extension,McKenziehaven,59590-4157
4,Patricia Lebsack,Karianne,Julianne.OConner@kory.org,Hoeger Mall,South Elvis,53919-4257
5,Chelsey Dietrich,Kamren,Lucio_Hettinger@annie.ca,Skiles Walks,Roscoeview,33263
6,Mrs. Dennis Schulist,Leopoldo_Corkery,Karley_Dach@jasper.info,Norberto Crossing,South Christy,23505-1337
7,Kurtis Weissnat,Elwyn.Skiles,Telly.Hoeger@billy.biz,Rex Trail,Howemouth,58804-1099
8,Nicholas Runolfsdottir V,Maxime_Nienow,Sherwood@rosamond.me,Ellsworth Summit,Aliyaview,45169
9,Glenna Reichert,Delphine,Chaim_McDermott@dana.io,Dayna Park,Bartholomebury,76495-3109
10,Clementina DuBuque,Moriah.Stanton,Rey.Padberg@karina.biz,Kattie Turnpike,Lebsackbury,31428-2261
